ImageID,LabelName
00018457a4aafe75,/m/01_v7j
000fe88ef6c5e702,/m/02py351
00102e56cf417797,/m/02py351
00105e79e6c886ad,/m/02py351
0028b67eca22894b,/m/02py351
00352a2162269354,/m/02py351
00647d1ce706945c,/m/01_v7j
007085c9466545f6,/m/02py351
00778a00a8023fd2,/m/02py351
0081c54a955b9a9a,/m/02py351
009d177d2b1ba392,/m/01_v7j
00a0ab30f64c0096,/m/02py351
00cdf4bf293dca21,/m/01_v7j
00dd6d93c5a03b9f,/m/02py351
00e693d8b1900315,/m/01_v7j
00e87f4a4aaa8b59,/m/02py351
00f030089d71763e,/m/02py351
01128a4b4701a296,/m/02py351
01512014e338b7ae,/m/01_v7j
016726c04e3a8fa0,/m/02py351
01b06e1116c8b606,/m/02py351
01b14e5d453242e0,/m/02py351
01bd954f2802c11e,/m/02py351
01d76307e3b91ff6,/m/02py351
01daebd002696d3a,/m/02py351
01ead89d32a58f87,/m/01_v7j
02940ea5605b956a,/m/02py351
02b18044af01c218,/m/01_v7j
02b40eb1302d8692,/m/01_v7j
02d606da9e7335d0,/m/02py351
02e607f7ed308f64,/m/02py351
02f4ebb9043ee62a,/m/01_v7j
034143ae71047bbc,/m/02py351
035724a91b4ae18b,/m/02py351
037c5d88a4e47e81,/m/01_v7j
039a591729141237,/m/01_v7j
03b3ef17d4fbf990,/m/02py351
03c5513c37d668f4,/m/01_v7j
03c5513c37d668f4,/m/02py351
03d12697319c9304,/m/02py351
03da6612f683a6d6,/m/02py351
03fc1d1fee824cae,/m/01_v7j
04503720dcf8b123,/m/02py351
04b57a57b00a39ae,/m/02py351
04d49218ca69c3af,/m/01_v7j
04e0e4ad42133ffe,/m/01_v7j
04f90c7bbd46cb4b,/m/01_v7j
050874abcc46c370,/m/02py351
053024577f9b05b9,/m/01_v7j
053d34ad946a873f,/m/01_v7j
054eddf79843833f,/m/02py351
054f3a08aadf794d,/m/02py351
0555a1f17c73207c,/m/01_v7j
058b8d6e134395c0,/m/01_v7j
05a8aa4aa785dc01,/m/02py351
06284d94e5969535,/m/02py351
0628900953b60130,/m/01_v7j
0675f1427e145a02,/m/02py351
068068f826ff63bc,/m/02py351
069261fc14e56fcf,/m/01_v7j
069c2fdbb5ed84b6,/m/02py351
06b2b8e64225b6ac,/m/02py351
06d1c59df4af5268,/m/01_v7j
072f1090a2102c4d,/m/01_v7j
0747097f650f1273,/m/01_v7j
074cf5b2304cd68f,/m/02py351
07641fce9fc13fed,/m/01_v7j
076a2b3fa76dcb32,/m/02py351
077f0515490ad616,/m/02py351
07b75881c1ffc059,/m/01_v7j
07e97f11ebe3c2aa,/m/01_v7j
08291533e355af39,/m/02py351
083b7f4d3d4e10f9,/m/02py351
088ef237c69a2708,/m/02py351
088f6016c3222b4d,/m/02py351
08a0d42d5726618a,/m/02py351
08b555ac5b8b8be2,/m/01_v7j
08bd23d01d4e8895,/m/02py351
08d0edb21c9b3909,/m/01_v7j
09106cd412a517a9,/m/02py351
0915cb62fcd4ed2f,/m/02py351
0919c5e45854a615,/m/02py351
09552ea1cd3cefbf,/m/01_v7j
0996ae14150ac7ff,/m/02py351
09d708aa15cbc96f,/m/01_v7j
0a44e54129844c1d,/m/01_v7j
0a5c846c2f8a389d,/m/02py351
0ab9844e60a34f54,/m/02py351
0adc5a8924048852,/m/02py351
0b0f048a1cff1c74,/m/02py351
0b4d873e11cda01b,/m/02py351
0b6d1f1f1a4f145f,/m/02py351
0b88ee8238506546,/m/02py351
0c019fae176b1556,/m/01_v7j
0c33677ab46fbf67,/m/01_v7j
0c70c55f7176f825,/m/02py351
0ca3d03fab8c1088,/m/02py351
0cd12bd3ac0f38d6,/m/02py351
0d9240f4113fa82e,/m/01_v7j
0da4cb46204a5c0d,/m/02py351
0dafda2d460a3354,/m/02py351
0df7fd25a0bf5f63,/m/02py351
0e434121f4d725a5,/m/02py351
0e8d47a0952e4e6a,/m/01_v7j
0e9a64d2f2b322a5,/m/01_v7j
0eb0552deb7f93b1,/m/02py351
0eee61ba7d66300d,/m/02py351
0f399ca1789c8087,/m/02py351
0f4141e9d346e3d8,/m/02py351
0f4b6436461549c4,/m/02py351
0f5917bd985d3c68,/m/02py351
0f5a50a4cfde67df,/m/01_v7j
0f87ab3c101f4da4,/m/02py351
1047a05244ba0786,/m/02py351
108de0d06b44588f,/m/02py351
11bcec1faca6acc5,/m/01_v7j
11d5e3643d620a73,/m/01_v7j
11dd5ccca2e02a34,/m/01_v7j
126cf01ebc5403ab,/m/01_v7j
12a8cf399d440a92,/m/01_v7j
12b4cd9fb5ddc944,/m/01_v7j
12e3b493707841ab,/m/02py351
131e035341c38e2f,/m/01_v7j
133746b0cc24eb91,/m/02py351
13f14905b5d248cb,/m/02py351
1428a8ee731ecc7e,/m/01_v7j
1435f100781f62a6,/m/01_v7j
1457f4b04d811d95,/m/01_v7j
1549b0b40dcbb16b,/m/02py351
159a3280b4de5ec9,/m/02py351
15aa597e0d3f524b,/m/02py351
161d3357bdc82bf1,/m/02py351
165624613ce0b10a,/m/01_v7j
167874c7ee88ffae,/m/02py351
172009b90976dfc6,/m/01_v7j
17307a08bb47ea84,/m/02py351
175a65cb611aa2ab,/m/01_v7j
177a21823a3ebeb5,/m/02py351
17ef06ab2c9e5e0c,/m/02py351
1833f19d632b9ffa,/m/02py351
184005627de725cb,/m/01_v7j
184b17c89a7514be,/m/02py351
186ecafa80d92c9e,/m/02py351
18c7d622a426feef,/m/01_v7j
18cf4fd6f5479131,/m/01_v7j
18f15584e759671f,/m/02py351
19112f4b158fdc8f,/m/01_v7j
19e4e62d415c2437,/m/01_v7j
1ab7ee05996182cd,/m/02py351
1ac8afb2a18bc3da,/m/01_v7j
1af09f412a085e0b,/m/01_v7j
1b167419074528ec,/m/02py351
1b33c74c167be93d,/m/02py351
1b416fe2d58aacac,/m/01_v7j
1b51ea5b17b67cef,/m/02py351
1b565a9dc7e1b374,/m/02py351
1b5d7772b9350086,/m/01_v7j
1b80bbf29d2c9f94,/m/01_v7j
1c17e4ebc2d0170a,/m/01_v7j
1cbcd59718afbf1d,/m/01_v7j
1cf64d26b7c532d0,/m/02py351
1d300d854991d6aa,/m/02py351
1db687d43f873c8a,/m/01_v7j
1dcb56c59a10d0d6,/m/02py351
1ec2e01c095587e5,/m/01_v7j
1ef78414c8864ddd,/m/02py351
1f092059b3453ef4,/m/01_v7j
1f8d7feed88ea982,/m/02py351
1f9ce3682b893df0,/m/01_v7j
1fa7edf72dcacb2c,/m/01_v7j
1fb25160eeda303d,/m/02py351
201128b0b211afe4,/m/01_v7j
202be5d48de595b4,/m/01_v7j
208c36a86e72fe19,/m/02py351
210d5c663bb145af,/m/02py351
210f31ecbc4602cd,/m/02py351
2184b0908737e8a7,/m/02py351
2276d4d8af668ca8,/m/01_v7j
229812646470ebab,/m/02py351
23f3797696fd732d,/m/02py351
2407133109865114,/m/01_v7j
242113a6c99d5e10,/m/01_v7j
2446de0de64a3103,/m/01_v7j
247d89800bd37711,/m/01_v7j
24ce4a6227f59bba,/m/01_v7j
24dfbd596a961c95,/m/02py351
24dfefcce1f97f51,/m/01_v7j
253b9c754cf4a9bf,/m/01_v7j
265ece6320cb4372,/m/02py351
27227f1cc7497ea0,/m/02py351
273449d82ae99d67,/m/02py351
273fc52281a705e7,/m/02py351
276ef400537b7dbf,/m/01_v7j
2791f8a1dd9d3070,/m/01_v7j
27d562b87b47a0f0,/m/02py351
27e37833504d1f6a,/m/01_v7j
28314856eda47b84,/m/01_v7j
286e82d4cdbb2b62,/m/01_v7j
28954a53b48be5ff,/m/02py351
2895e29d636ccfae,/m/02py351
2903e29e62bc87ac,/m/02py351
2955e5ec21c23977,/m/02py351
299b9bd35281f517,/m/02py351
2a1ffb923cb22544,/m/01_v7j
2a9bf280fba9d461,/m/01_v7j
2aeab2f6fa1ca1af,/m/01_v7j
2b22fee48fc1d2ba,/m/02py351
2b45e878c0ee43c6,/m/02py351
2b49bab0a3d91752,/m/01_v7j
2bf1ee46a97ea880,/m/02py351
2c1ccdb9683d6be8,/m/02py351
2c1dde328338d4a1,/m/02py351
2cfef6432f71a8ea,/m/02py351
2d5a41946a6feb06,/m/02py351
2dcc1a76a6d92bce,/m/02py351
2de61622cacc6f70,/m/01_v7j
2def881f8aa4cf4d,/m/01_v7j
2e3c1176bf2366ea,/m/02py351
2e42b87a7256114e,/m/02py351
2e4c5e4a6100c6f6,/m/02py351
2e6cc40d5c730b2e,/m/02py351
2e7ef271297de5b3,/m/02py351
2e842cb1e3b7bdd7,/m/02py351
2f56d2cc6c10763f,/m/02py351
2faa28cf1934f9de,/m/02py351
2fd3a104e6e6a46e,/m/02py351
30508d12bf3adec1,/m/02py351
30798361cf3d7765,/m/01_v7j
30db7105b4345d47,/m/01_v7j
313b501cd960ebe5,/m/02py351
314a01cec31347c7,/m/02py351
31bd2e73b55aaa7b,/m/02py351
32717bf3c58b84c9,/m/02py351
32f17c06f084b79b,/m/01_v7j
33042479bbf0bda1,/m/01_v7j
330e7e42f9cc9107,/m/02py351
330fe429857ad343,/m/02py351
33aee5bb5bfc9825,/m/02py351
343189b038343a72,/m/02py351
34f3411dee328088,/m/02py351
35068c5beba9d6a7,/m/02py351
3511641308a2727d,/m/02py351
3579a6b9ada1b9e3,/m/01_v7j
3619b5e684abef00,/m/02py351
363d785f525e20a1,/m/01_v7j
364dc392e685ef64,/m/02py351
368ac264748e03da,/m/01_v7j
36bcadbc5efe8d5d,/m/02py351
371c297738cd60f9,/m/02py351
382e9fe83391a3ec,/m/01_v7j
384058ef8e2f7b1e,/m/02py351
38c18480827e85b7,/m/02py351
3923f855368283a4,/m/02py351
394c5be60b476748,/m/02py351
397cacf896310186,/m/02py351
3997de24d4c8d746,/m/02py351
39f6147b06b7e2aa,/m/02py351
3a1438b196e51e72,/m/02py351
3a259387cfb63244,/m/02py351
3ab1fe20a9059c29,/m/01_v7j
3b037a6f54859bd5,/m/01_v7j
3b9bdbb2b6e47cf8,/m/02py351
3c1b393c23c3567c,/m/02py351
3c3a63a067b76c96,/m/01_v7j
3c4ae05b7d528a32,/m/01_v7j
3c8bf9e19879a8c3,/m/02py351
3d8b981728a46b16,/m/02py351
3de6b6a2e862b668,/m/02py351
3edcc6bc8c1b2325,/m/01_v7j
3f805efe3f1d2af3,/m/01_v7j
3fbae1ab6aaf11ae,/m/02py351
3fbea041c2a88ae4,/m/01_v7j
3fc29ea7647bd537,/m/02py351
404153be1a2ce82d,/m/01_v7j
4140a6363dcb6397,/m/01_v7j
42bf3b9cecadfe78,/m/02py351
438b6385229b84cc,/m/02py351
44b686e2bc0fdb35,/m/01_v7j
468aa2a3fd6e1b92,/m/01_v7j
4719bf59a51bf10a,/m/01_v7j
4841643ec79e0b39,/m/01_v7j
498c774abfa7a0e5,/m/01_v7j
4a44367abad06f02,/m/02py351
4a581ab0bd433657,/m/01_v7j
4a5fc626f2f11993,/m/02py351
4a674466a8a90808,/m/01_v7j
4afb2f006c855fb8,/m/02py351
4b8a9a63476fc29b,/m/01_v7j
4bfa0328e61705d9,/m/02py351
4c28e163124d97e9,/m/02py351
4d0e45cdde707a25,/m/02py351
4d5550470bedd5e8,/m/01_v7j
4d86e6083e94a5a8,/m/01_v7j
4d95ba8c675b8c6d,/m/02py351
4da7a8b352d776e5,/m/01_v7j
4dfdcd528b1e3303,/m/01_v7j
4e08753467f2a0d1,/m/02py351
4f60c14fc4d725b4,/m/01_v7j
4f7c372fb2ffbde4,/m/02py351
50a21f2cb83f4769,/m/02py351
50d16c61e3954afd,/m/02py351
50d4101424b080f9,/m/01_v7j
50e8ada83107b0bd,/m/02py351
5147ff4387b8a7c7,/m/02py351
51e266ec177da414,/m/01_v7j
524dd19f8497eb8d,/m/02py351
52dfec15c742a5d3,/m/01_v7j
53c82e0b60c4ff07,/m/02py351
54354f6870f6d26b,/m/02py351
54486be78069be58,/m/02py351
54ce2dc50d6b4b5b,/m/02py351
551a813d231b2efa,/m/02py351
55bb761fcf440203,/m/02py351
55e827860fca9fcc,/m/02py351
566b99f116aadc53,/m/01_v7j
5673f6e261658a44,/m/02py351
56c2f0fff982c812,/m/02py351
56e7c2022d11f350,/m/01_v7j
57df28bcef0679aa,/m/02py351
58089e18daf76d3b,/m/01_v7j
596aa97611e28311,/m/02py351
597c418d6612411a,/m/02py351
5a29e4ef71ec84c3,/m/02py351
5b0945031d000ff4,/m/01_v7j
5b84a43c6312dfcf,/m/01_v7j
5bd58d97ef27bbef,/m/01_v7j
5c0edcb405d8a5ad,/m/02py351
5c21c675a3250bee,/m/01_v7j
5d36acb2d70222e7,/m/02py351
5f9853bab5b27e39,/m/01_v7j
6028e088a87118ec,/m/02py351
60609af502d89bca,/m/02py351
60ceb480dea3574a,/m/01_v7j
614182c1f0088c41,/m/02py351
61d5432e8a2ec23b,/m/02py351
61d8bb6c173220a0,/m/01_v7j
61dc5eea8b68d8e2,/m/01_v7j
628a36840ef66a17,/m/01_v7j
629db30d02e2381d,/m/02py351
62ce4f1d5406db49,/m/01_v7j
63152bff2cd4fa4d,/m/02py351
63176f54050a8c22,/m/01_v7j
633d299b55d695da,/m/01_v7j
6467b1a5962f78bf,/m/02py351
671e168300562245,/m/01_v7j
680bb7c27bab99ac,/m/01_v7j
69fff54e1d330070,/m/02py351
6aa53bbb98c72f5b,/m/02py351
6ada94a44d36da42,/m/02py351
6b2ac3b350dd139b,/m/02py351
6be6fa33eb771f88,/m/02py351
6eef068e573a89c6,/m/02py351
6f215c9b49b65813,/m/02py351
6f8020c559081ecf,/m/01_v7j
715ac0e7df8ed142,/m/02py351
73963b4dfe311558,/m/01_v7j
74392648d0664c9c,/m/01_v7j
748a941e901bb89f,/m/01_v7j
750e3e10fde2e63a,/m/01_v7j
75a2c098bb3a13f5,/m/01_v7j
75d0a31f9be29479,/m/02py351
75fb5b989c29ea12,/m/01_v7j
76174e1d4ca734f7,/m/01_v7j
783a669cb0630228,/m/01_v7j
7847ab06e3bb2172,/m/01_v7j
787e361ab1c1f2ac,/m/02py351
7a249a057fb25dcc,/m/02py351
7a24fe3a79454c9f,/m/02py351
7bfbaeb1f0b22c6d,/m/02py351
7d2d11b63c1f51e3,/m/01_v7j
7dd5b58287fc904c,/m/02py351
7e6a22c2fe7f1bb0,/m/01_v7j
80428d4f3dc72844,/m/01_v7j
80d166174e9fe5da,/m/01_v7j
81e31b16046ca95e,/m/01_v7j
8367c75fd665b417,/m/01_v7j
83b85cb5ba4de195,/m/01_v7j
83e3c72ba6c3eb51,/m/01_v7j
8408a8ebb6f662c7,/m/01_v7j
88c1be34b6fcad3b,/m/02py351
89abfc7e701842bc,/m/01_v7j
89cc42daca90e3ac,/m/02py351
8ad1d79f3d482006,/m/01_v7j
8aeb9ad84ca7e1c4,/m/01_v7j
8bfa100b8331b3b6,/m/01_v7j
8c4ef451fcd19e47,/m/02py351
8c736c3d5a714996,/m/01_v7j
8cdc74d533860d5c,/m/01_v7j
8d42486ab27ca94f,/m/02py351
8d4975eeb6e2cc13,/m/01_v7j
912b6c2d88cdbabe,/m/02py351
92176bdfca5c807e,/m/01_v7j
943433981856cab3,/m/02py351
9499337865b16ce3,/m/01_v7j
9592b5bfa965e400,/m/02py351
960e18d5b82b8e32,/m/01_v7j
96364d5271f38302,/m/01_v7j
98f613e8cd01eab1,/m/02py351
98f7e507a84dec5e,/m/02py351
99aac856b470d54d,/m/01_v7j
99d143b0000358f7,/m/01_v7j
99d9bfff9dafdecb,/m/02py351
9b7e53af7b2bdaf2,/m/01_v7j
9bdd068bf195787d,/m/01_v7j
9d89cb2b97825bb0,/m/02py351
9dcd8b65424ac9b5,/m/01_v7j
9ece56bda0380bd7,/m/01_v7j
a1741a4431424547,/m/02py351
a1daf40105307335,/m/01_v7j
a1ec1481385f209b,/m/02py351
a20a75e147598ca4,/m/01_v7j
a2321c88128f14e2,/m/01_v7j
a28dcf5319ef008f,/m/01_v7j
a391a38aaf27c19b,/m/01_v7j
a3cd78b92b4ab6eb,/m/02py351
a45efb6eeb6576ae,/m/02py351
a4e0b7c5ad2b0217,/m/02py351
a5ac686d191a8a44,/m/02py351
a68eabdb698e7bf7,/m/01_v7j
a7069170460d24be,/m/01_v7j
a7c9c4557a19028f,/m/02py351
a7e5ef03919aa50a,/m/02py351
a93342a1cf3395ca,/m/02py351
a9d3095e7c743fda,/m/02py351
ab54673cf1c083d4,/m/01_v7j
abc9a4ba23ceffbd,/m/01_v7j
aca3a17361dcf521,/m/01_v7j
ad8604848f7ffa84,/m/01_v7j
ae2b1ab0bc576b3c,/m/01_v7j
afa14ea7a2f28440,/m/02py351
afe3a82bb88f2e90,/m/01_v7j
b04773c4be13e340,/m/02py351
b06a2927f4301ad6,/m/01_v7j
b1854bc7d233e00f,/m/01_v7j
b1a6c1c56a776b46,/m/01_v7j
b1ac1289fdbd8b5b,/m/01_v7j
b1d7b02cd30ca1cb,/m/02py351
b2563a5797ccdade,/m/01_v7j
b30a1d3ac06c50cf,/m/01_v7j
b31eb9add4992c4c,/m/02py351
b436a6aeae21c06f,/m/02py351
b4380638c6ec1f7e,/m/02py351
b78b171c506527fd,/m/01_v7j
b93bf2c2c0fc1adf,/m/01_v7j
ba53254f0ba7719a,/m/02py351
bd6e5bc7d136d108,/m/02py351
bdb1543e1bb7f067,/m/02py351
bddceccd95939c16,/m/02py351
bf1cadd9cc13734f,/m/01_v7j
c09042d9b6bb27a0,/m/01_v7j
c5ec61ae29b40237,/m/01_v7j
c6238230a42c64fe,/m/01_v7j
c67d049060f4a898,/m/02py351
c797a0fd1971db6b,/m/01_v7j
c7f37b2c793380d1,/m/01_v7j
c81c70a99c5de999,/m/01_v7j
cac279f722c97236,/m/02py351
cac843a82dd9724c,/m/01_v7j
cc2a8d1864e1df0e,/m/02py351
cc73df36512ff459,/m/01_v7j
cddc7c334db6e25a,/m/01_v7j
cde29ab0eb2e7e1a,/m/02py351
cfe0476173aada6a,/m/01_v7j
cfe1f63084f23fc3,/m/01_v7j
cfe724a1925b1de2,/m/01_v7j
d08d3d07c089db9d,/m/02py351
d0b889c09efab6b6,/m/01_v7j
d0f897f749f910e3,/m/01_v7j
d113a8c20c4bf077,/m/01_v7j
d1301b78d7bb9cfa,/m/02py351
d3ad5c0dc65dee6b,/m/01_v7j
d3cd5823660c67e9,/m/02py351
d438cbee22a0aba0,/m/02py351
d43f658fdb501ed7,/m/02py351
d4dd9b049658b553,/m/01_v7j
d6185b081a109346,/m/02py351
d644dfd86f1b23e1,/m/02py351
d699981c1e4e85bb,/m/02py351
d84edc28f6e81dd1,/m/01_v7j
d851cc2978dc59b0,/m/01_v7j
dce1c6da4b664316,/m/01_v7j
e3e9ded94e7585d4,/m/01_v7j
e4b2e381fb56ae72,/m/01_v7j
eb01728dd84a6cd0,/m/01_v7j
ebb3c311d5969981,/m/02py351
eca4c1e2209d272b,/m/01_v7j
ed41e5f181297ac3,/m/01_v7j
ed99cca42d362bd5,/m/02py351
edf0dca03698fbda,/m/02py351
f0016c5e444e2bc9,/m/02py351
f37678b54fa13277,/m/02py351
f43402b82cc1eaa9,/m/01_v7j
f6d5cb32b59a3faa,/m/02py351
f71c8c7ed3ba9832,/m/02py351
f78948b9aa6cb1bc,/m/02py351
f890866cc693f02e,/m/02py351
f8915908ff4d16a4,/m/02py351
f95b01208fe8c81c,/m/01_v7j
faa33b09ad562d5e,/m/01_v7j
fd69449d8bbeeb9f,/m/01_v7j
ff8c46df0f8a8512,/m/01_v7j
